,基金代码,基金简称,2021-07-14-万份收益,2021-07-14-7日年化%,2021-07-14-单位净值,2021-07-13-万份收益,2021-07-13-7日年化%,2021-07-13-单位净值,日涨幅,成立日期,基金经理,手续费,可购全部
2,002318,鹏华添利交易型货币A,0.8124,2.8910%,---,1.7822,2.6970%,---,---,2016-01-29,叶朝明 等,0费率,购买
3,392002,中海货币B,0.4711,2.7550%,---,1.1895,3.0920%,---,---,2010-07-28,王萍莉,0费率,购买
4,091005,大成货币B,1.1162,2.7260%,---,0.8723,2.4680%,---,---,2005-06-03,陈会荣,0费率,购买
5,004167,安信活期宝货币B,0.6584,2.7110%,---,0.7686,2.7230%,---,---,2016-12-22,肖芳芳 等,0费率,购买
6,690210,民生加银现金增利货币B,1.1959,2.6980%,---,1.2202,2.3840%,---,---,2012-12-18,张�Z,0费率,购买
7,004179,圆信永丰丰润货币B,1.4572,2.6950%,---,0.5669,2.2000%,---,---,2017-03-10,林铮 等,0费率,购买
8,004553,中信建投凤凰货币B,0.7790,2.6600%,---,1.2777,2.6890%,---,---,2017-09-01,黄海浩 等,0费率,购买
9,001625,兴业添天盈货币B,0.5797,2.6270%,---,0.6816,2.6430%,---,---,2015-07-23,王卓然,0费率,购买
10,002890,交银天利宝货币E,0.7087,2.6130%,---,0.7031,2.6120%,---,---,2016-10-19,黄莹洁,0费率,购买
11,004137,博时合惠货币B,0.7011,2.6080%,---,0.7019,2.6150%,---,---,2017-01-13,魏桢,0费率,购买
12,000700,泰达宏利货币B,0.7019,2.6070%,---,0.7047,2.5690%,---,---,2014-08-06,李祥源 等,0费率,购买
13,003399,太平日日金货币B,1.7777,2.5620%,---,0.5128,2.0190%,---,---,2016-11-04,吴超 等,0费率,购买
14,003875,浙商日添金货币B,0.6103,2.5500%,---,0.9320,2.5690%,---,---,2016-12-01,刘爱民 等,0费率,购买
15,003483,交银天鑫宝货币E,0.6926,2.5450%,---,0.6909,2.5420%,---,---,2016-12-07,季参平,0费率,购买
16,000540,国金金腾通货币A,0.8386,2.5400%,---,0.7315,2.4400%,---,---,2014-02-17,曾省强,0费率,购买
17,003034,平安交易型货币A,0.5870,2.5370%,---,0.9803,2.6000%,---,---,2016-09-23,田元强,0费率,购买
18,128011,国投瑞银货币B,1.0660,2.5350%,---,1.4166,2.2140%,---,---,2009-01-19,李达夫 等,0费率,购买
19,004971,南方天天宝货币B,0.6353,2.5350%,---,0.8716,2.5330%,---,---,2017-08-09,蔡奕奕,0费率,购买
20,003535,浦银安盛日日丰货币B,0.6345,2.5270%,---,0.6384,2.6010%,---,---,2016-11-07,曹治国,0费率,购买
21,180009,银华货币B,0.6018,2.5240%,---,0.6206,2.5500%,---,---,2005-01-31,李晓彬,0费率,购买
22,001176,山证日日添利货币B,0.6661,2.5220%,---,0.6959,2.5430%,---,---,2015-05-14,刘相鹏 等,0费率,购买
23,270014,广发货币B,0.6779,2.5210%,---,0.6770,2.5120%,---,---,2009-04-20,温秀娟 等,0费率,购买
24,010208,平安日增利货币B,0.7539,2.5120%,---,0.7883,2.5340%,---,---,2020-09-14,田元强,0费率,购买
25,392001,中海货币A,0.4081,2.5110%,---,1.1249,2.8450%,---,---,2010-07-28,王萍莉,0费率,购买
26,002078,浙商日添利B,0.9554,2.5080%,---,0.6315,2.3350%,---,---,2015-12-08,刘爱民 等,0费率,购买
27,004972,长城收益宝货币A,0.6618,2.5030%,---,0.6518,2.5130%,---,---,2017-09-06,邹德立 等,0费率,购买
28,001234,国金众赢货币,0.6773,2.5000%,---,0.6771,2.5400%,---,---,2015-06-25,徐艳芳,0费率,购买
29,003465,平安金管家货币A,0.5755,2.4940%,---,1.4810,2.3580%,---,---,2016-12-07,段玮婧,0费率,购买
30,260202,景顺货币B,0.6239,2.4920%,---,0.8569,2.4990%,---,---,2010-04-30,陈威霖 等,0费率,购买
31,003474,南方天天利货币B,0.6792,2.4860%,---,0.6698,2.4840%,---,---,2016-10-20,夏晨曦 等,0费率,购买
32,004417,兴全货币B,0.6391,2.4860%,---,0.6757,2.4730%,---,---,2017-03-31,谢芝兰 等,0费率,购买
33,090005,大成货币A,1.0503,2.4790%,---,0.8063,2.2210%,---,---,2005-06-03,陈会荣,0费率,购买
34,003281,广发活期宝货币B,0.6700,2.4720%,---,0.6694,2.4740%,---,---,2016-09-02,温秀娟 等,0费率,购买
35,001930,华夏收益宝货币B,0.6631,2.4680%,---,0.6649,2.4770%,---,---,2015-10-30,周飞,0费率,购买
36,003402,安信活期宝货币A,0.5943,2.4680%,---,0.7041,2.4790%,---,---,2016-10-17,肖芳芳 等,0费率,购买
37,002918,交银现金宝货币E,0.6742,2.4680%,---,0.6710,2.4620%,---,---,2016-08-15,季参平,0费率,购买
38,003679,中融现金增利货币C,0.6694,2.4620%,---,0.6679,2.4570%,---,---,2016-11-22,李倩,0费率,购买
39,002183,广发天天红货币B,0.6625,2.4580%,---,0.6623,2.4570%,---,---,2015-12-15,任爽 等,0费率,购买
40,690010,民生加银现金增利货币A,1.1296,2.4510%,---,1.1545,2.1390%,---,---,2012-12-18,张�Z,0费率,购买
41,004545,永赢天天利货币A,0.6922,2.4450%,---,0.6715,2.4130%,---,---,2017-04-20,卢绮婷 等,0费率,购买
42,003022,建信现金添益货币A,0.6603,2.4450%,---,0.6607,2.4510%,---,---,2016-09-02,陈建良 等,0费率,购买
43,004178,圆信永丰丰润货币A,1.3897,2.4430%,---,0.4984,1.9490%,---,---,2017-03-10,林铮 等,0费率,购买
44,150998,银河钱包货币B,0.7075,2.4410%,---,0.6451,2.4070%,---,---,2017-06-29,张沛,0费率,购买
45,000891,博时现金宝货币B,0.6574,2.4370%,---,0.6575,2.4440%,---,---,2014-11-21,倪玉娟,0费率,购买
46,000662,银华活钱宝货币F,0.6625,2.4360%,---,0.6704,2.4430%,---,---,2014-06-23,刘谢冰,0费率,购买
47,000917,嘉实快线货币A,0.6708,2.4350%,---,0.6431,2.4280%,---,---,2015-06-25,张文�h,0费率,购买
48,003712,泰达宏利京元宝货币B,0.5795,2.4330%,---,0.6806,2.4810%,---,---,2016-11-23,李祥源 等,0费率,购买
49,009790,国寿安保增金宝货币B,0.6262,2.4320%,---,0.6254,2.4330%,---,---,2020-07-10,张英,0费率,购买
50,000750,安信现金增利货币A,0.4967,2.4310%,---,0.5083,2.4310%,---,---,2014-11-24,肖芳芳 等,0费率,购买
51,003539,安信现金增利货币B,0.4967,2.4310%,---,0.5083,2.4310%,---,---,2016-10-17,肖芳芳 等,0费率,购买
52,011063,国寿安保鑫钱包货币B,0.6602,2.4280%,---,0.6601,2.4350%,---,---,2021-01-08,张英,0费率,购买
53,202308,南方收益宝货币B,0.6562,2.4270%,---,0.6669,2.4260%,---,---,2013-01-22,董浩,0费率,购买
54,001821,兴全天添益货币B,0.6041,2.4230%,---,0.7229,2.4770%,---,---,2015-11-05,王健,0费率,购买
55,001006,中信建投凤凰货币A,0.7136,2.4230%,---,1.2268,2.4510%,---,---,2015-03-31,黄海浩 等,0费率,购买
56,001386,天弘弘运宝货币A,0.6233,2.4180%,---,0.7732,2.4310%,---,---,2015-08-13,王登峰 等,0费率,购买
57,003871,华泰柏瑞天添宝货币B,0.6564,2.4170%,---,0.6556,2.3820%,---,---,2016-11-23,郑青,0费率,购买
58,000627,大成丰财宝货币B,0.6602,2.4110%,---,0.6547,2.4010%,---,---,2014-06-18,陈会荣,0费率,购买
59,003185,建信货币B,0.5360,2.4090%,---,0.6718,2.4830%,---,---,2016-09-19,于倩倩 等,0费率,购买
60,004251,华夏惠利货币B,0.6480,2.4020%,---,0.6485,2.4130%,---,---,2017-02-10,曲波 等,0费率,购买
61,000874,华安现金宝货币B,0.6124,2.4000%,---,0.8562,2.4310%,---,---,2017-03-10,林唐宇 等,0费率,购买
62,003969,交银天益宝货币E,0.6494,2.3970%,---,0.6463,2.4220%,---,---,2016-12-20,黄莹洁,0费率,购买
63,003391,建信天添益货币A,0.6631,2.3960%,---,0.6475,2.3980%,---,---,2016-10-18,陈建良 等,0费率,购买
64,003393,建信天添益货币C,0.6631,2.3960%,---,0.6475,2.3980%,---,---,2016-10-18,陈建良 等,0费率,购买
65,001937,兴银现金增利货币,0.6473,2.3890%,---,0.6517,2.4670%,---,---,2015-11-02,傅峤钰,0费率,购买
66,675062,西部利得天添富货币B,0.6330,2.3860%,---,0.7283,2.3880%,---,---,2016-09-28,刘心峰 等,0费率,购买
67,003534,浦银安盛日日丰货币A,0.5965,2.3850%,---,0.6007,2.4570%,---,---,2016-11-07,曹治国,0费率,购买
68,003389,招商招益宝货币B,0.7814,2.3830%,---,0.6180,2.3230%,---,---,2017-02-23,黄晓婷,0费率,购买
69,200103,长城货币B,0.6371,2.3830%,---,0.6635,2.4000%,---,---,2012-04-06,邹德立 等,0费率,购买
70,001624,兴业添天盈货币A,0.5147,2.3810%,---,0.6152,2.3960%,---,---,2015-07-23,王卓然,0费率,购买
71,003538,招商招利宝货币B,0.6486,2.3770%,---,0.6442,2.3780%,---,---,2017-04-17,许强,0费率,购买
72,009712,信达澳银慧管家货币B,0.6220,2.3750%,---,0.5906,2.3600%,---,---,2020-06-15,杨超 等,0费率,购买
73,004152,先锋日添利B,0.7062,2.3710%,---,0.8684,2.3150%,---,---,2017-04-14,杜旭,0费率,购买
74,000713,上投摩根天添宝货币B,0.5949,2.3700%,---,0.6054,2.3710%,---,---,2014-11-25,孟晨波 等,0费率,购买
75,002889,交银天利宝货币A,0.6429,2.3670%,---,0.6373,2.3660%,---,---,2016-10-19,黄莹洁,0费率,购买
76,004199,华富天益货币B,0.6131,2.3670%,---,0.6147,2.3630%,---,---,2017-01-25,姚姣姣,0费率,购买
77,001926,兴业鑫天盈货币B,0.6298,2.3630%,---,0.6611,2.3650%,---,---,2015-11-02,王卓然,0费率,购买
78,162206,泰达宏利货币A,0.6365,2.3610%,---,0.6384,2.3230%,---,---,2005-11-10,李祥源 等,0费率,购买
79,001526,鑫元安鑫宝货币A,0.5809,2.3550%,---,0.5872,2.3590%,---,---,2015-06-26,赵慧,0费率,购买
80,000797,方正富邦金小宝货币,0.6246,2.3530%,---,0.6350,2.3710%,---,---,2014-09-24,王靖,0费率,购买
81,420106,天弘现金管家货币B,0.6021,2.3520%,---,0.8038,2.3620%,---,---,2012-06-20,王登峰 等,0费率,购买
82,002234,泰信天天收益货币B,0.6336,2.3520%,---,0.6509,2.3510%,---,---,2016-05-17,李俊江,0费率,购买
83,001669,诺安聚鑫宝货币C,0.8435,2.3500%,---,0.8272,2.2040%,---,---,2015-08-04,谢志华 等,0费率,购买
84,150988,银河钱包货币A,0.6833,2.3480%,---,0.6204,2.3130%,---,---,2017-06-29,张沛,0费率,购买
85,730103,方正富邦货币B,0.5516,2.3440%,---,0.8996,2.4170%,---,---,2012-12-26,王靖,0费率,购买
86,000982,北信瑞丰现金添利B,1.1593,2.3410%,---,0.4571,1.9520%,---,---,2015-01-20,董鎏洋 等,0费率,购买
87,003753,工银如意货币B,0.6327,2.3390%,---,0.6326,2.3430%,---,---,2016-12-23,王朔,0费率,购买
88,000600,汇添富和聚宝货币,0.6370,2.3390%,---,0.6344,2.3440%,---,---,2014-05-28,徐寅�� 等,0费率,购买
89,004568,长城工资宝货币B,0.6075,2.3360%,---,0.6061,2.3290%,---,---,2017-04-20,邹德立 等,0费率,购买
90,010051,长城工资宝货币C,0.6075,2.3360%,---,0.6061,2.3290%,---,---,2020-09-07,邹德立 等,0费率,购买
91,675032,西部利得天添鑫货币B,0.5577,2.3290%,---,0.6224,2.6020%,---,---,2016-06-23,张英,0费率,购买
92,000506,国寿安保货币B,0.6408,2.3270%,---,0.6370,2.3210%,---,---,2014-01-20,桑迎,0费率,购买
93,002299,招商招福宝货币B,0.6301,2.3220%,---,0.6252,2.3160%,---,---,2017-06-13,黄晓婷,0费率,购买
94,001101,银华惠添益货币,1.1916,2.3210%,---,0.5294,1.9770%,---,---,2016-07-21,刘谢冰 等,0费率,购买
95,519517,汇添富货币B,0.6340,2.3200%,---,0.6328,2.3270%,---,---,2007-05-22,徐寅�� 等,0费率,购买
96,000836,国投瑞银钱多宝货币A,0.5911,2.3170%,---,0.6009,2.3630%,---,---,2014-10-17,颜文浩 等,0费率,购买
97,000837,国投瑞银钱多宝货币I,0.5911,2.3170%,---,0.6009,2.3630%,---,---,2014-10-17,颜文浩 等,0费率,购买
98,004369,前海开源聚财宝B,0.6081,2.3130%,---,0.5983,2.2800%,---,---,2017-02-17,林悦,0费率,购买
99,003398,太平日日金货币A,1.7098,2.3090%,---,0.4440,1.7640%,---,---,2016-11-04,吴超 等,0费率,购买
100,150015,银河银富货币B,0.6121,2.3040%,---,0.7156,2.3060%,---,---,2006-11-01,张沛,0费率,购买
101,004866,格林货币B,0.6000,2.3030%,---,0.9433,2.2030%,---,---,2017-07-20,张晓圆 等,0费率,购买
102,202302,南方现金增利货币B,0.6478,2.3020%,---,0.6480,2.3050%,---,---,2009-07-22,申俊华,0费率,购买
103,003874,浙商日添金货币A,0.5441,2.3010%,---,0.8664,2.3190%,---,---,2016-12-01,刘爱民 等,0费率,购买
104,004217,兴业安润货币B,0.6237,2.2980%,---,0.6611,2.2810%,---,---,2017-01-06,雷志强,0费率,购买
105,000484,鑫元货币B,0.5657,2.2980%,---,0.7384,2.3690%,---,---,2013-12-30,赵慧,0费率,购买
106,003482,交银天鑫宝货币A,0.6265,2.2970%,---,0.6248,2.2830%,---,---,2016-12-07,季参平,0费率,购买
107,217014,招商现金增值货币B,0.6224,2.2950%,---,0.6199,2.3000%,---,---,2009-12-01,刘万锋,0费率,购买
108,020007,国泰货币A,0.6930,2.2950%,---,0.6005,2.2590%,---,---,2005-06-21,丁士恒 等,0费率,购买
109,003317,中银证券现金管家货币B,0.5831,2.2930%,---,0.8056,2.2990%,---,---,2016-12-07,吕文晔,0费率,购买
110,005148,新华活期添利货币E,0.5822,2.2910%,---,0.4909,2.3130%,---,---,2017-09-07,李洁,0费率,购买
111,070088,嘉实货币B,0.6160,2.2900%,---,0.6163,2.2880%,---,---,2012-12-17,张文�h 等,0费率,购买
112,004970,南方天天宝货币A,0.5697,2.2890%,---,0.8054,2.2870%,---,---,2017-08-09,蔡奕奕,0费率,购买
113,121011,国投瑞银货币A,0.9996,2.2870%,---,1.3503,1.9680%,---,---,2009-01-19,李达夫 等,0费率,购买
114,040039,华安日日鑫货币B,0.6241,2.2870%,---,0.6072,2.2780%,---,---,2012-11-26,李邦长 等,0费率,购买
115,007730,平安金管家货币C,0.5170,2.2850%,---,1.4243,2.1510%,---,---,2019-07-29,段玮婧,0费率,购买
116,004718,万家天添宝货币B,0.5817,2.2840%,---,0.6252,2.3070%,---,---,2017-07-28,郅元,0费率,购买
117,000464,嘉实活期宝货币,0.5995,2.2840%,---,0.6002,2.2850%,---,---,2013-12-18,张文�h,0费率,购买
118,003536,浦银安盛日日丰货币D,0.5689,2.2820%,---,0.5729,2.3560%,---,---,2016-11-07,曹治国,0费率,购买
119,519589,交银货币B,0.5966,2.2810%,---,0.6333,2.3020%,---,---,2007-06-22,季参平,0费率,购买
120,180008,银华货币A,0.5365,2.2790%,---,0.5550,2.3040%,---,---,2005-01-31,李晓彬,0费率,购买
121,000748,广发活期宝货币A,0.6179,2.2770%,---,0.6179,2.2790%,---,---,2014-08-28,温秀娟 等,0费率,购买
122,001175,山证日日添利货币A,0.5970,2.2760%,---,0.6240,2.2980%,---,---,2015-05-14,刘相鹏 等,0费率,购买
123,041003,华安现金富利货币B,0.4998,2.2760%,---,0.5105,2.2690%,---,---,2009-12-23,孙丽娜 等,0费率,购买
124,004186,江信增利货币B,0.3367,2.2750%,---,0.6577,2.4650%,---,---,2017-08-03,杨淳 等,0费率,购买
125,270004,广发货币A,0.6119,2.2750%,---,0.6110,2.2660%,---,---,2005-05-20,温秀娟 等,0费率,购买
126,163820,中银货币B,0.6283,2.2740%,---,0.6256,2.2720%,---,---,2012-03-29,蔡静,0费率,购买
127,000379,平安日增利货币A,0.6893,2.2730%,---,0.7263,2.2940%,---,---,2013-12-03,田元强,0费率,购买
128,253051,国联安货币B,0.6268,2.2710%,---,0.6173,2.3240%,---,---,2011-01-26,万莉 等,0费率,购买
129,005202,兴业稳天盈货币B,0.6321,2.2700%,---,0.7242,2.2140%,---,---,2017-09-11,刘禹含,0费率,购买
130,000605,银华多利宝货币B,0.6083,2.2670%,---,0.6151,2.2740%,---,---,2014-04-25,王树丽 等,0费率,购买
131,519998,长信利息收益货币B,0.6115,2.2640%,---,0.6126,2.2950%,---,---,2010-11-25,陆莹,0费率,购买
132,002077,浙商日添利A,0.8896,2.2630%,---,0.5655,2.0900%,---,---,2015-12-08,刘爱民 等,0费率,购买
133,003043,交银活期通货币E,0.6117,2.2580%,---,0.6107,2.2550%,---,---,2016-07-27,连端清 等,0费率,购买
134,001820,兴全天添益货币A,0.5599,2.2580%,---,0.6783,2.3120%,---,---,2015-11-05,王健,0费率,购买
135,000759,平安财富宝货币A,0.4662,2.2570%,---,0.5901,2.3340%,---,---,2014-08-21,周琛,0费率,购买
136,020032,国泰现金管理货币B,0.6111,2.2560%,---,---,---,---,---,2012-12-11,丁士恒 等,0费率,购买
137,004502,中银如意宝货币A,0.6132,2.2540%,---,0.6113,2.2540%,---,---,2017-05-26,易芳菲 等,0费率,购买
138,005162,中银如意宝货币B,0.6132,2.2540%,---,0.6113,2.2540%,---,---,2017-09-15,易芳菲 等,0费率,购买
139,004589,民生加银腾元宝货币B,0.6029,2.2530%,---,0.6054,2.3130%,---,---,2017-04-19,李文君,0费率,购买
140,005107,广发添利货币ETFB,0.6073,2.2530%,---,0.6079,2.2640%,---,---,2017-08-22,温秀娟 等,0费率,购买
141,002680,工银安盈货币B,0.6188,2.2510%,---,0.6225,2.3090%,---,---,2016-04-26,姚璐伟,0费率,购买
142,004262,招商招禧宝货币B,0.6060,2.2510%,---,0.6167,2.3220%,---,---,2017-03-29,徐一,0费率,购买
143,002937,华夏沃利货币B,0.6277,2.2480%,---,0.6216,2.2390%,---,---,2017-01-13,曲波 等,0费率,购买
144,003252,大成添益交易型货币A,0.9735,2.2470%,---,0.5478,2.0210%,---,---,2016-09-29,张俊杰,0费率,购买
145,260102,景顺货币A,0.5582,2.2460%,---,0.7911,2.2530%,---,---,2003-10-24,陈威霖 等,0费率,购买
146,213909,宝盈货币B,0.5979,2.2460%,---,0.5972,2.2460%,---,---,2009-08-05,杨献忠 等,0费率,购买
147,340005,兴全货币A,0.5724,2.2430%,---,0.6090,2.2310%,---,---,2006-04-27,谢芝兰 等,0费率,购买
148,004811,万家现金宝B,0.6756,2.2420%,---,0.5823,2.2000%,---,---,2017-07-24,陈佳昀,0费率,购买
149,003473,南方天天利货币A,0.6135,2.2400%,---,0.6037,2.2380%,---,---,2016-10-20,夏晨曦 等,0费率,购买
150,519507,万家货币B,0.6196,2.2380%,---,0.6150,2.2300%,---,---,2013-08-15,郅元 等,0费率,购买
151,002958,财通财通宝货币B,0.5659,2.2370%,---,0.7736,2.2740%,---,---,2016-07-27,罗晓倩 等,0费率,购买
152,160609,鹏华货币B,0.6258,2.2370%,---,0.6148,2.2330%,---,---,2006-09-15,叶朝明 等,0费率,购买
153,000648,易方达财富快线货币B,0.6073,2.2370%,---,0.6016,2.2430%,---,---,2014-06-17,梁莹 等,0费率,购买
154,004151,先锋日添利A,0.6670,2.2360%,---,0.8281,2.1820%,---,---,2017-04-14,杜旭,0费率,购买
155,001931,国寿安保鑫钱包货币A,0.6082,2.2350%,---,0.6083,2.2420%,---,---,2015-10-21,张英,0费率,购买
156,001982,富国收益宝交易型货币B,0.5958,2.2350%,---,0.5643,2.2240%,---,---,2015-11-24,张波 等,0费率,购买
157,000651,招商招金宝货币B,0.6060,2.2330%,---,0.6052,2.2360%,---,---,2014-06-18,许强,0费率,购买
158,004700,前海联合汇盈货币B,0.8933,2.2310%,---,0.4187,1.9810%,---,---,2017-05-25,张文,0费率,购买
159,000533,永赢货币A,0.5144,2.2300%,---,0.5180,2.2280%,---,---,2014-02-27,卢绮婷 等,0费率,购买
160,240007,华宝现金宝货币B,0.5979,2.2270%,---,0.6276,2.2310%,---,---,2005-03-31,陈昕 等,0费率,购买
161,004372,鹰增益货币A,0.5670,2.2260%,---,0.7002,2.2370%,---,---,2017-03-20,刘丽娟 等,0费率,购买
162,000678,华宝现金宝货币E,0.5976,2.2260%,---,0.6276,2.2310%,---,---,2014-07-14,陈昕 等,0费率,购买
163,000860,银华惠增利货币,0.5981,2.2240%,---,0.6007,2.2280%,---,---,2014-11-14,李晓彬 等,0费率,购买
164,000682,信达澳银慧管家货币C,0.5834,2.2240%,---,0.5390,2.2130%,---,---,2014-06-26,杨超 等,0费率,购买
165,004039,中欧骏泰货币,0.7543,2.2240%,---,0.6032,2.1250%,---,---,2016-12-19,洪慧梅,0费率,购买
166,010288,民生加银现金宝货币B,0.6065,2.2230%,---,0.5954,2.2260%,---,---,2020-09-22,李文君,0费率,购买
167,000710,交银现金宝货币A,0.6086,2.2220%,---,0.6052,2.2170%,---,---,2014-09-12,季参平,0费率,购买
168,004368,前海开源聚财宝A,0.5838,2.2210%,---,0.5736,2.1880%,---,---,2017-02-17,林悦,0费率,购买
169,001909,创金合信货币A,0.5981,2.2200%,---,0.5933,2.2150%,---,---,2015-10-22,郑振源 等,0费率,购买
170,000560,诺安天天宝E,0.6006,2.2180%,---,0.5683,2.2340%,---,---,2014-03-25,谢志华 等,0费率,购买
171,005057,东方红货币B,0.5979,2.2170%,---,0.6044,2.2230%,---,---,2017-08-25,李燕 等,0费率,购买
172,091022,大成现金增利货币B,0.6024,2.2170%,---,0.6007,2.2140%,---,---,2012-11-20,陈会荣,0费率,购买
173,003678,中融现金增利货币A,0.6035,2.2130%,---,0.6012,2.2080%,---,---,2016-11-22,李倩,0费率,购买
174,000883,中金现金管家B,0.6063,2.2130%,---,0.6003,2.2120%,---,---,2014-11-28,石玉,0费率,购买
175,001929,华夏收益宝货币A,0.5949,2.2130%,---,0.5975,2.2220%,---,---,2015-10-30,周飞,0费率,购买
176,003206,博时合鑫货币,0.5968,2.2110%,---,0.5967,2.2210%,---,---,2016-10-12,鲁邦旺,0费率,购买
177,000665,博时现金收益货币B,0.5928,2.2100%,---,0.5944,2.2240%,---,---,2014-06-03,魏桢,0费率,购买
178,002469,华泰柏瑞交易货币B,0.5705,2.2070%,---,0.6406,2.1630%,---,---,2016-02-26,郑青,0费率,购买
179,519510,浦银安盛货币B,0.6259,2.2060%,---,0.5724,2.3020%,---,---,2011-03-09,廉素君,0费率,购买
180,004860,华泰紫金零钱宝货币,0.5899,2.1990%,---,0.5853,2.2000%,---,---,2017-08-24,李博良 等,0费率,购买
181,000908,农银红利日结货币B,0.6567,2.1990%,---,0.5355,2.2140%,---,---,2014-12-19,许娅,0费率,购买
182,009251,光大货币B,0.5974,2.1980%,---,0.5957,2.1910%,---,---,2020-04-15,沈荣,0费率,购买
183,400006,东方金账簿货币B,0.7030,2.1940%,---,0.6341,2.1020%,---,---,2014-10-22,郑雪莹 等,0费率,购买
184,161623,融通汇财宝货币B,0.5781,2.1920%,---,0.5635,2.1870%,---,---,2013-03-14,黄浩荣 等,0费率,购买
185,000730,博时现金宝货币A,0.5915,2.1910%,---,0.5916,2.1980%,---,---,2014-09-18,倪玉娟,0费率,购买
186,000010,易方达天天理财货币B,0.5908,2.1880%,---,0.5855,2.1850%,---,---,2013-03-04,石大怿 等,0费率,购买
187,009485,国寿安保聚宝盆货币B,0.5935,2.1880%,---,0.6261,2.1860%,---,---,2020-05-18,张英,0费率,购买
188,012105,永赢天天利货币E,0.6262,2.1870%,---,0.6057,2.1550%,---,---,2021-04-28,卢绮婷 等,0费率,购买
189,003711,泰达宏利京元宝货币A,0.5138,2.1870%,---,0.6146,2.2350%,---,---,2016-11-23,李祥源 等,0费率,购买
190,001826,国寿安保增金宝货币A,0.5608,2.1850%,---,0.5594,2.1870%,---,---,2015-09-23,张英,0费率,购买
191,001478,泰康薪意保货币B,0.5803,2.1840%,---,0.5756,2.1650%,---,---,2015-06-19,蒋利娟 等,0费率,购买
192,000580,中邮货币B,0.5572,2.1820%,---,0.8010,2.1750%,---,---,2014-05-28,武志骁 等,0费率,购买
193,202307,南方收益宝货币A,0.5904,2.1810%,---,0.6010,2.1800%,---,---,2013-01-22,董浩,0费率,购买
194,003423,国寿安保添利货币B,0.5911,2.1810%,---,0.5934,2.1800%,---,---,2016-12-27,桑迎,0费率,购买
195,000425,长盛添利宝货币B,0.5843,2.1790%,---,0.5828,2.1940%,---,---,2013-12-09,段鹏 等,0费率,购买
196,000707,景顺长城景丰货币B,0.6021,2.1780%,---,0.5997,2.1780%,---,---,2014-09-16,陈威霖 等,0费率,购买
197,460106,华泰柏瑞货币B,0.5883,2.1760%,---,0.5869,2.1560%,---,---,2009-05-06,郑青,0费率,购买
198,000626,大成丰财宝货币A,0.5950,2.1760%,---,0.6078,2.1600%,---,---,2014-06-18,陈会荣,0费率,购买
199,530002,建信货币A,0.4927,2.1750%,---,0.6059,2.2360%,---,---,2006-04-25,于倩倩 等,0费率,购买
200,000705,易方达天天增利货币B,0.5957,2.1750%,---,0.5802,2.1740%,---,---,2014-06-25,石大怿 等,0费率,购买
201,100028,富国天时货币B,0.5795,2.1730%,---,0.5776,2.1890%,---,---,2006-11-29,张波 等,0费率,购买
202,003246,华泰柏瑞天添宝货币A,0.5900,2.1710%,---,0.5904,2.1370%,---,---,2016-09-22,郑青,0费率,购买
203,002748,中欧货币D,0.5621,2.1710%,---,0.5633,2.1710%,---,---,2016-05-04,洪慧梅,0费率,购买
204,166015,中欧货币B,0.5614,2.1700%,---,0.5632,2.1710%,---,---,2012-12-12,洪慧梅,0费率,购买
205,001666,鹏华添利宝货币A,0.5872,2.1690%,---,0.5842,2.1780%,---,---,2015-07-21,叶朝明 等,0费率,购买
206,005230,长盛货币B,0.5858,2.1690%,---,0.5898,2.2650%,---,---,2017-10-10,段鹏,0费率,购买
207,210012,鹰货币A,0.8282,2.1630%,---,0.7352,1.9890%,---,---,2012-12-07,刘丽娟 等,0费率,购买
208,001894,泰达宏利活期友货币A,0.6002,2.1630%,---,0.5987,2.1870%,---,---,2015-11-04,杜磊,0费率,购买
209,001391,天弘弘运宝货币B,0.5545,2.1620%,---,0.7043,2.1760%,---,---,2015-08-13,王登峰 等,0费率,购买
210,000735,博时天天增利货币B,0.5579,2.1610%,---,0.5894,2.1710%,---,---,2014-08-25,鲁邦旺,0费率,购买
211,541011,汇丰晋信货币B,0.6101,2.1550%,---,0.5221,2.0980%,---,---,2011-11-02,李媛媛 等,0费率,购买
212,000873,华安现金宝货币A,0.5461,2.1550%,---,0.7908,2.1860%,---,---,2017-03-10,林唐宇 等,0费率,购买
213,003968,交银天益宝货币A,0.5835,2.1510%,---,0.5805,2.1770%,---,---,2016-12-20,黄莹洁,0费率,购买
214,004398,融通现金宝货币B,0.6672,2.1510%,---,0.5303,2.0920%,---,---,2017-02-24,黄浩荣 等,0费率,购买
215,620010,元顺安金元宝货币A,0.5404,2.1470%,---,0.5348,2.1440%,---,---,2014-08-01,苏利华,0费率,购买
216,003388,招商招益宝货币A,0.7168,2.1430%,---,0.5553,2.0820%,---,---,2017-02-23,黄晓婷,0费率,购买
217,000615,长城工资宝货币A,0.5537,2.1430%,---,0.5544,2.1360%,---,---,2014-06-25,邹德立 等,0费率,购买
218,001077,华夏现金宝货币A,0.5665,2.1430%,---,0.5769,2.1530%,---,---,2013-01-22,周飞,0费率,购买
219,009976,东方金证通货币B,0.6706,2.1420%,---,0.5328,2.1920%,---,---,2020-08-12,郑雪莹,0费率,购买
220,004399,融通汇财宝货币E,0.5644,2.1410%,---,0.5498,2.1400%,---,---,2017-03-13,黄浩荣 等,0费率,购买
221,675061,西部利得天添富货币A,0.5688,2.1400%,---,0.6609,2.1420%,---,---,2016-09-28,刘心峰 等,0费率,购买
222,001871,前海开源货币B,0.4661,2.1380%,---,0.4626,2.1350%,---,---,2015-09-29,刘静 等,0费率,购买
223,200003,长城货币A,0.5714,2.1370%,---,0.5975,2.1540%,---,---,2005-05-30,邹德立 等,0费率,购买
224,004331,太平日日鑫货币B,0.8805,2.1330%,---,0.5099,2.1030%,---,---,2017-03-15,吴超 等,0费率,购买
225,000476,广发天天利货币B,0.5668,2.1320%,---,0.5690,2.1650%,---,---,2014-01-27,任爽 等,0费率,购买
226,000712,上投摩根天添宝货币A,0.5291,2.1250%,---,0.5399,2.1250%,---,---,2014-11-25,孟晨波 等,0费率,购买
227,000539,中银活期宝货币,0.5696,2.1240%,---,0.5887,2.1230%,---,---,2014-02-14,范静 等,0费率,购买
228,002894,华夏天利货币A,0.5722,2.1220%,---,0.5745,2.1320%,---,---,2016-10-13,曲波 等,0费率,购买
229,000872,北信瑞丰宜投宝B,0.4791,2.1220%,---,0.6269,2.1170%,---,---,2014-11-20,陈皓,0费率,购买
230,004198,华富天益货币A,0.5473,2.1200%,---,0.5489,2.1160%,---,---,2017-01-25,姚姣姣,0费率,购买
231,660107,农银货币B,0.5747,2.1190%,---,0.5745,2.1210%,---,---,2010-11-23,黄晓鹏,0费率,购买
232,519511,万家日日薪货币A,0.5780,2.1170%,---,0.5713,2.0890%,---,---,2013-01-15,郅元 等,0费率,购买
233,001925,兴业鑫天盈货币A,0.5640,2.1170%,---,0.5950,2.1200%,---,---,2015-11-02,王卓然,0费率,购买
234,002248,新疆前海联合海盈货币B,0.5807,2.1160%,---,0.5794,2.0860%,---,---,2015-12-24,曾婷婷 等,0费率,购买
235,000786,华融现金增利货币B,0.5145,2.1140%,---,0.6741,2.2450%,---,---,2014-09-16,桑劲乔,0费率,购买
236,002960,博时合利货币B,0.5782,2.1100%,---,0.5738,2.1060%,---,---,2016-08-03,鲁邦旺,0费率,购买
237,001527,鑫元安鑫宝货币B,0.5151,2.1100%,---,0.5219,2.1140%,---,---,2015-06-26,赵慧,0费率,购买
238,290001,泰信天天收益货币A,0.5678,2.1090%,---,0.5832,2.1090%,---,---,2004-02-10,李俊江,0费率,购买
239,420006,天弘现金管家货币A,0.5354,2.1060%,---,0.7364,2.1160%,---,---,2012-06-20,王登峰 等,0费率,购买
240,001251,天弘现金管家货币D,0.5364,2.1050%,---,0.7358,2.1150%,---,---,2015-05-05,王登峰 等,0费率,购买
241,002847,天弘现金管家货币E,0.5362,2.1050%,---,0.7364,2.1150%,---,---,2016-07-14,王登峰 等,0费率,购买
242,000846,中融货币C,0.5685,2.1030%,---,0.5676,2.1110%,---,---,2014-10-21,李倩,0费率,购买
243,000699,中银薪钱包货币,0.5715,2.1020%,---,0.5695,2.0980%,---,---,2014-06-26,范静 等,0费率,购买
244,000771,诺安聚鑫宝货币A,0.7741,2.1020%,---,0.7640,1.9600%,---,---,2014-09-01,谢志华 等,0费率,购买
245,003364,长江乐享货币B,0.5700,2.1020%,---,0.5587,2.0970%,---,---,2016-10-26,漆志伟 等,0费率,购买
246,000912,英大现金宝货币A,0.5725,2.1010%,---,0.6195,2.1030%,---,---,2014-12-10,易祺坤 等,0费率,购买
247,730003,方正富邦货币A,0.4851,2.1000%,---,0.8344,2.1730%,---,---,2012-12-26,王靖,0费率,购买
248,002884,华润元大现金通货币B,0.5705,2.0990%,---,0.5757,2.2370%,---,---,2016-07-27,李仆 等,0费率,购买
249,000981,北信瑞丰现金添利A,1.0915,2.0980%,---,0.3914,1.7110%,---,---,2015-01-20,董鎏洋 等,0费率,购买
250,003752,工银如意货币A,0.5668,2.0930%,---,0.5665,2.0970%,---,---,2016-12-23,王朔,0费率,购买
251,004717,万家天添宝货币A,0.5297,2.0900%,---,0.5734,2.1130%,---,---,2017-07-28,郅元,0费率,购买
252,000683,信达澳银慧管家货币E,0.5565,2.0880%,---,0.5134,2.0660%,---,---,2014-06-26,杨超 等,0费率,购买
253,710501,富安达现金通货币A,0.4566,2.0880%,---,0.7379,2.0630%,---,---,2013-01-29,张凯瑜,0费率,购买
254,004904,人保货币B,0.5480,2.0870%,---,0.7213,2.2070%,---,---,2017-08-11,田阳 等,0费率,购买
255,002710,红塔红土人人宝货币B,0.5705,2.0840%,---,0.5688,2.0920%,---,---,2016-06-02,赵耀,0费率,购买
256,003229,浦银安盛日日鑫货币B,0.5698,2.0830%,---,0.5639,2.0780%,---,---,2016-11-30,廉素君,0费率,购买
257,000505,国寿安保货币A,0.5751,2.0820%,---,0.5709,2.0750%,---,---,2014-01-20,桑迎,0费率,购买
258,675031,西部利得天添鑫货币A,0.4922,2.0820%,---,0.5574,2.3570%,---,---,2016-06-23,张英,0费率,购买
259,000569,鹏华增值宝货币,0.5645,2.0800%,---,0.5753,2.0910%,---,---,2014-02-26,叶朝明 等,0费率,购买
260,003460,嘉实现金宝,0.5644,2.0800%,---,0.5622,2.0840%,---,---,2016-12-22,张文�h 等,0费率,购买
261,001374,华夏现金增利货币B,0.5694,2.0800%,---,0.5731,1.9780%,---,---,2015-05-25,曲波,0费率,购买
262,002201,大成慧成货币B,0.5619,2.0770%,---,0.5615,2.0850%,---,---,2016-02-03,张俊杰,0费率,购买
263,002298,招商招福宝货币A,0.5642,2.0770%,---,0.5593,2.0700%,---,---,2017-06-13,黄晓婷,0费率,购买
264,519518,汇添富货币A,0.5676,2.0760%,---,0.5671,2.0840%,---,---,2006-03-23,徐寅�� 等,0费率,购买
265,000681,信达澳银慧管家货币A,0.5516,2.0740%,---,0.5150,2.0630%,---,---,2014-06-26,杨超 等,0费率,购买
266,012104,永赢货币E,0.4733,2.0730%,---,0.4718,2.0710%,---,---,2021-04-28,卢绮婷 等,0费率,购买
267,003267,新华壹诺宝货币B,0.5638,2.0700%,---,0.5637,2.1070%,---,---,2016-10-24,李洁,0费率,购买
268,000301,德邦德利货币B,0.5376,2.0690%,---,0.6053,2.0910%,---,---,2013-09-16,范文静 等,0费率,购买
269,000638,富国富钱包货币A,0.5475,2.0620%,---,0.5340,2.0600%,---,---,2014-05-07,张波 等,0费率,购买
270,202301,南方现金增利货币A,0.5820,2.0610%,---,0.5815,2.0650%,---,---,2004-03-05,申俊华,0费率,购买
271,002260,中信建投添鑫宝,0.6447,2.0590%,---,0.6981,2.1310%,---,---,2015-12-16,黄海浩 等,0费率,购买
272,150005,银河银富货币A,0.5465,2.0590%,---,0.6498,2.0610%,---,---,2004-12-20,张沛,0费率,购买
273,000380,景顺长城景益货币A,0.5530,2.0580%,---,0.5585,2.0690%,---,---,2013-11-26,陈威霖 等,0费率,购买
274,002324,南方日添益A,0.5502,2.0550%,---,0.5504,2.0490%,---,---,2016-02-03,董浩 等,0费率,购买
275,004865,格林货币A,0.5340,2.0550%,---,0.8760,1.9530%,---,---,2017-07-20,张晓圆 等,0费率,购买
276,008742,天治天得利货币B,0.8432,2.0550%,---,0.5075,1.8840%,---,---,2019-12-25,郝杰,0费率,购买
277,004216,兴业安润货币A,0.5579,2.0540%,---,0.5982,2.0370%,---,---,2017-01-06,雷志强,0费率,购买
278,000483,鑫元货币A,0.4999,2.0520%,---,0.6721,2.1230%,---,---,2013-12-30,赵慧,0费率,购买
279,004173,嘉实增益宝货币,0.5650,2.0520%,---,0.5652,2.0620%,---,---,2016-12-27,张文�h 等,0费率,购买
280,000332,中加货币C,0.5521,2.0520%,---,0.5798,2.0520%,---,---,2013-10-21,魏泰源,0费率,购买
281,003589,东吴增鑫宝货币B,0.5183,2.0510%,---,0.5264,2.0480%,---,---,2016-11-07,邵笛,0费率,购买
282,550011,信诚货币B,0.5520,2.0500%,---,0.5485,2.0600%,---,---,2011-03-23,席行懿,0费率,购买
283,000773,万家现金宝A,0.6233,2.0490%,---,0.5311,2.0070%,---,---,2014-09-23,陈佳昀,0费率,购买
284,217004,招商现金增值货币A,0.5557,2.0490%,---,0.5530,2.0550%,---,---,2004-01-14,刘万锋,0费率,购买
285,003316,中银证券现金管家货币A,0.5170,2.0470%,---,0.7390,2.0520%,---,---,2016-12-07,吕文晔,0费率,购买
286,482002,工银货币,0.5469,2.0460%,---,0.5549,2.0450%,---,---,2006-03-20,王朔 等,0费率,购买
287,000559,诺安天天宝A,0.5531,2.0460%,---,0.5141,2.0630%,---,---,2014-03-25,谢志华 等,0费率,购买
288,070008,嘉实货币A,0.5502,2.0450%,---,0.5505,2.0430%,---,---,2005-03-18,张文�h 等,0费率,购买
289,001812,嘉实货币E,0.5505,2.0450%,---,0.5499,2.0430%,---,---,2015-09-15,张文�h 等,0费率,购买
290,001096,国寿安保聚宝盆货币A,0.5547,2.0450%,---,0.5876,2.0430%,---,---,2015-03-02,张英,0费率,购买
291,519588,交银货币A,0.5312,2.0410%,---,0.5660,2.0610%,---,---,2006-01-20,季参平,0费率,购买
292,040038,华安日日鑫货币A,0.5585,2.0410%,---,0.5412,2.0320%,---,---,2012-11-26,李邦长 等,0费率,购买
293,000588,招商招钱宝货币A,0.5959,2.0400%,---,0.5588,2.0590%,---,---,2014-03-25,向霈,0费率,购买
294,004097,农银汇理日日鑫交易型货币A,0.6453,2.0380%,---,0.5262,1.9840%,---,---,2016-12-27,许娅 等,0费率,购买
295,000758,招商招钱宝货币C,0.5954,2.0360%,---,0.5605,2.0560%,---,---,2014-08-29,向霈,0费率,购买
296,040003,华安现金富利货币A,0.4341,2.0360%,---,0.4448,2.0290%,---,---,2003-12-30,孙丽娜 等,0费率,购买
297,163802,中银货币A,0.5623,2.0350%,---,0.5612,2.0330%,---,---,2005-06-07,蔡静,0费率,购买
298,004282,博时兴荣货币B,0.4224,2.0340%,---,0.5704,2.1180%,---,---,2017-02-24,鲁邦旺,0费率,购买
299,004984,鹏扬现金通利货币B,0.4949,2.0310%,---,0.7688,2.0410%,---,---,2017-08-10,王莹莹,0费率,购买
300,004185,江信增利货币A,0.2686,2.0290%,---,0.5941,2.2180%,---,---,2017-08-03,杨淳 等,0费率,购买
301,583101,东吴货币B,0.6011,2.0280%,---,0.5156,2.0460%,---,---,2010-05-11,邵笛 等,0费率,购买
302,253050,国联安货币A,0.5600,2.0240%,---,0.5509,2.0760%,---,---,2011-01-26,万莉 等,0费率,购买
303,002912,兴业稳天盈货币A,0.5647,2.0230%,---,0.6581,1.9680%,---,---,2016-07-15,刘禹含,0费率,购买
304,000604,银华多利宝货币A,0.5421,2.0220%,---,0.5487,2.0290%,---,---,2014-04-25,王树丽 等,0费率,购买
305,003515,国泰利是宝货币,0.5710,2.0210%,---,0.5475,2.0130%,---,---,2016-12-22,丁士恒 等,0费率,购买
306,020031,国泰现金管理货币A,0.5426,2.0210%,---,0.5715,2.0190%,---,---,2012-12-11,丁士恒 等,0费率,购买
307,004494,华泰保兴货币B,0.5172,2.0200%,---,0.6117,2.0320%,---,---,2017-04-20,王海明,0费率,购买
308,519999,长信利息收益货币A,0.5458,2.0180%,---,0.5467,2.0490%,---,---,2004-03-19,陆莹,0费率,购买
309,007866,创金合信货币C,0.5433,2.0150%,---,0.5382,2.0100%,---,---,2019-08-19,郑振源 等,0费率,购买
310,000709,华安汇财通货币,0.5387,2.0140%,---,0.5373,2.0180%,---,---,2014-07-17,朱才敏 等,0费率,购买
311,004261,招商招禧宝货币A,0.5408,2.0130%,---,0.5629,2.0770%,---,---,2017-03-29,徐一,0费率,购买
312,003042,交银活期通货币A,0.5460,2.0130%,---,0.5447,2.0100%,---,---,2016-07-27,连端清 等,0费率,购买
313,004939,中欧滚钱宝货币C,0.5574,2.0120%,---,0.5414,2.0030%,---,---,2017-07-12,王慧杰,0费率,购买
314,002679,工银安盈货币A,0.5495,2.0100%,---,0.5568,2.0700%,---,---,2016-04-26,姚璐伟,0费率,购买
315,003478,民生加银腾元宝货币A,0.5370,2.0070%,---,0.5395,2.0670%,---,---,2016-12-02,李文君,0费率,购买
316,750007,安信现金管理货币B,0.7403,2.0070%,---,0.4404,1.8830%,---,---,2013-02-05,肖芳芳 等,0费率,购买
317,000509,广发钱袋子货币A,0.5343,2.0040%,---,0.5232,2.0020%,---,---,2014-01-10,任爽,0费率,购买
318,161608,融通易支付货币A,0.5253,2.0030%,---,0.6011,2.0140%,---,---,2006-01-19,黄浩荣 等,0费率,购买
319,213009,宝盈货币A,0.5321,2.0000%,---,0.5312,2.0000%,---,---,2009-08-05,杨献忠 等,0费率,购买
320,160606,鹏华货币A,0.5599,1.9970%,---,0.5488,1.9930%,---,---,2005-04-12,叶朝明 等,0费率,购买
321,519508,万家货币A,0.5537,1.9960%,---,0.5492,1.9900%,---,---,2006-05-24,郅元 等,0费率,购买
322,000725,大成添利宝货币B,0.5427,1.9960%,---,0.5488,1.9960%,---,---,2014-07-28,陈会荣,0费率,购买
323,519506,海富通货币B,0.5480,1.9950%,---,0.5458,2.0250%,---,---,2006-08-01,谈云飞,0费率,购买
324,320019,诺安货币B,0.4641,1.9940%,---,0.4585,1.9720%,---,---,2012-02-21,谢志华 等,0费率,购买
325,002185,泓德泓利货币B,0.5290,1.9920%,---,0.5398,1.9950%,---,---,2015-12-21,毛静平,0费率,购买
326,004699,前海联合汇盈货币A,0.8152,1.9920%,---,0.3718,1.7480%,---,---,2017-05-25,张文,0费率,购买
327,000647,易方达财富快线货币A,0.5412,1.9920%,---,0.5352,1.9970%,---,---,2014-06-17,梁莹 等,0费率,购买
328,004787,渤海汇金汇添金货币B,0.5335,1.9910%,---,0.5169,1.9910%,---,---,2017-07-25,李杨 等,0费率,购买
329,002957,财通财通宝货币A,0.4994,1.9900%,---,0.7061,2.0280%,---,---,2016-07-27,罗晓倩 等,0费率,购买
330,001981,富国收益宝交易型货币A,0.5301,1.9900%,---,0.4985,1.9850%,---,---,2015-11-24,张波 等,0费率,购买
331,000790,易方达龙宝货币B,0.5470,1.9900%,---,0.5354,1.9870%,---,---,2014-09-12,石大怿 等,0费率,购买
332,000644,招商招金宝货币A,0.5403,1.9880%,---,0.5392,1.9890%,---,---,2014-06-18,许强,0费率,购买
333,000760,工银财富货币A,0.5420,1.9840%,---,0.5395,1.9830%,---,---,2015-06-19,姚璐伟,0费率,购买
334,003171,信达澳银慧理财货币,0.3970,1.9830%,---,0.1306,1.8970%,---,---,2016-09-18,杨超,0费率,购买
335,240006,华宝现金宝货币A,0.5318,1.9810%,---,0.5619,1.9860%,---,---,2005-03-31,陈昕 等,0费率,购买
336,003792,民生加银现金宝货币C,0.5403,1.9790%,---,0.5294,1.9820%,---,---,2017-04-24,李文君,0费率,购买
337,002673,诺德货币B,0.5373,1.9780%,---,0.5401,1.9820%,---,---,2016-05-05,赵滔滔 等,0费率,购买
338,000816,南方理财金交易型货币A,0.5281,1.9750%,---,0.5906,1.9720%,---,---,2014-12-05,蔡奕奕,0费率,购买
339,005056,东方红货币A,0.5318,1.9730%,---,0.5380,1.9740%,---,---,2017-08-25,李燕 等,0费率,购买
340,090022,大成现金增利货币A,0.5368,1.9720%,---,0.5348,1.9690%,---,---,2012-11-20,陈会荣,0费率,购买
341,000204,国富日日收益货币B,0.5315,1.9720%,---,0.5282,1.9800%,---,---,2013-07-24,王莉 等,0费率,购买
342,001401,德邦如意货币,0.5275,1.9720%,---,0.5312,1.9850%,---,---,2016-02-03,张铮烁 等,0费率,购买
343,740602,长安货币B,0.5062,1.9700%,---,0.5556,2.1400%,---,---,2013-01-25,孟楠,0费率,购买
344,002852,招商财富宝交易型货币A,0.5341,1.9700%,---,0.5346,1.9730%,---,---,2016-06-30,许强,0费率,购买
345,161622,融通汇财宝货币A,0.5177,1.9680%,---,0.5032,1.9620%,---,---,2013-03-14,黄浩荣 等,0费率,购买
346,000882,中金现金管家A,0.5404,1.9680%,---,0.5346,1.9680%,---,---,2014-11-28,石玉,0费率,购买
347,008393,博时现金收益货币C,0.5320,1.9670%,---,0.5286,1.9790%,---,---,2019-12-03,魏桢,0费率,购买
348,050003,博时现金收益货币A,0.5272,1.9640%,---,0.5284,1.9780%,---,---,2004-01-16,魏桢,0费率,购买
349,519509,浦银安盛货币A,0.5598,1.9610%,---,0.5060,2.0560%,---,---,2011-03-09,廉素君,0费率,购买
350,519516,浦银安盛货币E,0.5600,1.9600%,---,0.5063,2.0560%,---,---,2014-09-15,廉素君,0费率,购买
351,001973,光大耀钱包货币A,0.5355,1.9590%,---,0.5320,1.9510%,---,---,2015-11-04,魏丽 等,0费率,购买
352,003998,泓德添利货币B,0.5188,1.9590%,---,0.5249,1.9590%,---,---,2017-05-04,毛静平,0费率,购买
353,002883,华润元大现金通货币A,0.5320,1.9570%,---,0.5373,2.0940%,---,---,2016-07-27,李仆 等,0费率,购买
354,004968,红土创新货币B,0.3635,1.9570%,---,0.7006,1.9420%,---,---,2017-08-03,邱骏,0费率,购买
355,004078,信民发货币B,0.5198,1.9570%,---,0.5134,1.9600%,---,---,2016-12-16,周余 等,0费率,购买
356,000848,工银添益快线货币,0.5267,1.9550%,---,0.5410,1.9630%,---,---,2014-10-22,王朔 等,0费率,购买
357,400005,东方金账簿货币A,0.6371,1.9540%,---,0.5704,1.8620%,---,---,2006-08-02,郑雪莹 等,0费率,购买
358,001987,东方金元宝货币,0.5238,1.9540%,---,0.5130,1.9520%,---,---,2015-11-23,郑雪莹,0费率,购买
359,000907,农银红利日结货币A,0.5909,1.9540%,---,0.4695,1.9680%,---,---,2014-12-19,许娅,0费率,购买
360,519567,浦银安盛日日盈货币B,0.5455,1.9530%,---,0.5436,1.9380%,---,---,2014-03-25,曹治国,0费率,购买
361,360003,光大货币A,0.5315,1.9520%,---,0.5292,1.9450%,---,---,2005-06-09,沈荣,0费率,购买
362,004869,中融日日盈交易型货币B,0.5371,1.9500%,---,0.4816,1.9510%,---,---,2017-07-26,朱柏蓉 等,0费率,购买
363,000009,易方达天天理财货币A,0.5250,1.9420%,---,0.5195,1.9400%,---,---,2013-03-04,石大怿 等,0费率,购买
364,004863,泰康现金管家货币C,0.4979,1.9420%,---,0.5357,1.9530%,---,---,2017-09-08,任慧娟,0费率,购买
365,004862,泰康现金管家货币B,0.4981,1.9420%,---,0.5357,1.9530%,---,---,2017-09-08,任慧娟,0费率,购买
366,001477,泰康薪意保货币A,0.5146,1.9390%,---,0.5096,1.9200%,---,---,2015-06-19,蒋利娟 等,0费率,购买
367,000701,景顺长城景丰货币A,0.5360,1.9380%,---,0.5331,1.9370%,---,---,2014-09-16,陈威霖 等,0费率,购买
368,003422,国寿安保添利货币A,0.5252,1.9370%,---,0.5276,1.9350%,---,---,2016-12-27,桑迎,0费率,购买
369,004120,国富安享货币,0.5289,1.9360%,---,0.5240,1.9400%,---,---,2017-05-22,王莉 等,0费率,购买
370,000424,长盛添利宝货币A,0.5186,1.9340%,---,0.5171,1.9490%,---,---,2013-12-09,段鹏 等,0费率,购买
371,001843,九泰日添金货币B,0.5122,1.9320%,---,0.5204,1.9410%,---,---,2015-12-08,刘勇,0费率,购买
372,000576,中邮货币A,0.4913,1.9310%,---,0.7344,1.9210%,---,---,2014-05-28,武志骁 等,0费率,购买
373,460006,华泰柏瑞货币A,0.5226,1.9300%,---,0.5210,1.9110%,---,---,2009-05-06,郑青,0费率,购买
374,000677,工银现金货币,0.5225,1.9300%,---,0.5260,1.9290%,---,---,2014-09-23,王朔 等,0费率,购买
375,000704,易方达天天增利货币A,0.5299,1.9300%,---,0.5146,1.9300%,---,---,2014-06-25,石大怿 等,0费率,购买
376,100025,富国天时货币A,0.5138,1.9280%,---,0.5117,1.9460%,---,---,2006-06-05,张波 等,0费率,购买
377,002747,中欧货币C,0.4931,1.9270%,---,0.5046,1.9290%,---,---,2016-05-04,洪慧梅,0费率,购买
378,166014,中欧货币A,0.4956,1.9250%,---,0.4970,1.9260%,---,---,2012-12-12,洪慧梅,0费率,购买
379,004749,华泰紫金天天金交易型货币B,0.5667,1.9250%,---,0.5179,1.8900%,---,---,2017-08-11,陈利 等,0费率,购买
380,080011,长盛货币A,0.5200,1.9240%,---,0.5240,2.0200%,---,---,2005-12-12,段鹏,0费率,购买
381,001308,博时外服货币,0.4472,1.9210%,---,0.5445,1.9630%,---,---,2015-06-15,鲁邦旺,0费率,购买
382,000740,兴银货币B,0.5267,1.9190%,---,0.5246,1.9110%,---,---,2014-08-27,李文程,0费率,购买
383,000734,博时天天增利货币A,0.4922,1.9150%,---,0.5234,1.9260%,---,---,2014-08-25,鲁邦旺,0费率,购买
384,350004,天治天得利货币A,0.8098,1.9120%,---,0.4629,1.7370%,---,---,2006-07-05,郝杰,0费率,购买
385,002788,融通现金宝货币A,0.6020,1.9070%,---,0.4654,1.8480%,---,---,2016-11-10,黄浩荣 等,0费率,购买
386,002195,中银机构现金管理货币,0.5202,1.9070%,---,0.5209,1.9110%,---,---,2015-12-11,易芳菲 等,0费率,购买
387,540011,汇丰晋信货币A,0.5421,1.9060%,---,0.4522,1.8530%,---,---,2011-11-02,李媛媛 等,0费率,购买
388,002760,东兴安盈宝B,0.5153,1.9060%,---,0.5181,1.9100%,---,---,2016-06-03,司马义买买提,0费率,购买
389,110016,易方达货币B,0.4729,1.9040%,---,0.4511,1.8690%,---,---,2006-07-18,石大怿,0费率,购买
390,001992,农银天天利货币B,0.4926,1.9010%,---,0.5250,1.9110%,---,---,2015-12-21,史向明 等,0费率,购买
391,002647,中科沃土货币B,0.5049,1.8970%,---,0.5697,1.8930%,---,---,2016-06-06,田钊 等,0费率,购买
392,001870,前海开源货币A,0.3999,1.8960%,---,0.3991,1.8930%,---,---,2015-09-29,刘静 等,0费率,购买
393,002243,东方金证通货币A,0.6042,1.8960%,---,0.4678,1.9450%,---,---,2016-03-18,郑雪莹,0费率,购买
394,004133,中航航行宝货币,0.4997,1.8940%,---,0.5139,1.8980%,---,---,2017-01-25,茅勇峰,0费率,购买
395,004210,前海开源货币E,0.3914,1.8890%,---,0.3969,1.8910%,---,---,2017-01-13,刘静 等,0费率,购买
396,000475,广发天天利货币A,0.5017,1.8880%,---,0.5030,1.9210%,---,---,2014-01-27,任爽 等,0费率,购买
397,004330,太平日日鑫货币A,0.8144,1.8870%,---,0.4434,1.8560%,---,---,2017-03-15,吴超 等,0费率,购买
398,000871,北信瑞丰宜投宝A,0.4131,1.8760%,---,0.5600,1.8710%,---,---,2014-11-20,陈皓,0费率,购买
399,660007,农银货币A,0.5088,1.8740%,---,0.5089,1.8760%,---,---,2010-11-23,黄晓鹏,0费率,购买
400,000785,华融现金增利货币A,0.4482,1.8690%,---,0.6082,1.9990%,---,---,2014-09-16,桑劲乔,0费率,购买
401,002247,新疆前海联合海盈货币A,0.5034,1.8660%,---,0.5253,1.8390%,---,---,2015-12-24,曾婷婷 等,0费率,购买
402,003363,长江乐享货币A,0.5044,1.8630%,---,0.4933,1.8580%,---,---,2016-10-26,漆志伟 等,0费率,购买
403,004121,兴银现金添利,0.4267,1.8620%,---,0.5285,2.6410%,---,---,2016-12-30,李文程,0费率,购买
404,000980,汇添富添富通货币B,0.5230,1.8620%,---,0.5134,1.8670%,---,---,2015-01-16,徐寅�� 等,0费率,购买
405,002302,新沃通宝B,0.4844,1.8600%,---,0.5001,1.8720%,---,---,2016-08-05,沈夏,0费率,购买
406,003075,中融货币E,0.5013,1.8580%,---,0.5029,1.8670%,---,---,2016-08-18,李倩,0费率,购买
407,000847,中融货币A,0.5014,1.8580%,---,0.4980,1.8660%,---,---,2014-10-21,李倩,0费率,购买
408,004286,华富天盈货币B,0.4575,1.8580%,---,0.5142,2.1400%,---,---,2017-03-03,陶祺,0费率,购买
409,009744,英大现金宝货币B,0.5067,1.8560%,---,0.5537,1.8580%,---,---,2020-06-19,易祺坤 等,0费率,购买
410,000726,大成添利宝货币E,0.5042,1.8530%,---,0.5101,1.8530%,---,---,2014-07-28,陈会荣,0费率,购买
411,310339,申万菱信收益宝货币B,0.4889,1.8460%,---,0.5681,1.8750%,---,---,2013-01-21,叶瑜珍 等,0费率,购买
412,004903,人保货币A,0.4823,1.8390%,---,0.6499,1.9580%,---,---,2017-08-11,田阳 等,0费率,购买
413,002709,红塔红土人人宝货币A,0.5040,1.8380%,---,0.5022,1.8460%,---,---,2016-06-02,赵耀,0费率,购买
414,003228,浦银安盛日日鑫货币A,0.5018,1.8360%,---,0.4947,1.8320%,---,---,2016-11-30,廉素君,0费率,购买
415,003003,华夏现金增利货币A/E,0.5034,1.8350%,---,0.5067,1.7330%,---,---,2004-04-07,曲波,0费率,购买
416,002200,大成慧成货币A,0.4949,1.8300%,---,0.4958,1.8390%,---,---,2016-02-03,张俊杰,0费率,购买
417,000434,新华壹诺宝货币A,0.5023,1.8290%,---,0.4974,1.8630%,---,---,2013-12-03,李洁,0费率,购买
418,004983,鹏扬现金通利货币A,0.4410,1.8280%,---,0.7149,1.8350%,---,---,2017-08-10,王莹莹,0费率,购买
419,000300,德邦德利货币A,0.4718,1.8260%,---,0.5417,1.8470%,---,---,2013-09-16,范文静 等,0费率,购买
420,003468,富荣货币B,0.8033,1.8150%,---,0.4503,1.7730%,---,---,2016-12-26,吕晓蓉 等,0费率,购买
421,005134,长信长金通货币A,0.4918,1.8120%,---,0.4891,1.8200%,---,---,2017-09-08,陆莹 等,0费率,购买
422,000331,中加货币A,0.4864,1.8120%,---,0.5132,1.8120%,---,---,2013-10-21,魏泰源,0费率,购买
423,008192,博时兴荣货币A,0.3600,1.8060%,---,0.5080,1.8910%,---,---,2019-11-28,鲁邦旺,0费率,购买
424,003588,东吴增鑫宝货币A,0.4526,1.8060%,---,0.4603,1.8030%,---,---,2016-11-07,邵笛,0费率,购买
425,004849,信诚货币E,0.4862,1.8050%,---,0.4827,1.8150%,---,---,2017-08-01,席行懿,0费率,购买
426,550010,信诚货币A,0.4858,1.8040%,---,0.4810,1.8140%,---,---,2011-03-23,席行懿,0费率,购买
427,070028,嘉实安心货币A,0.5948,1.8010%,---,0.4005,1.7080%,---,---,2011-12-28,张文�h 等,0费率,购买
428,005151,红土创新优淳货币B,0.6682,1.7920%,---,0.4516,1.7530%,---,---,2017-09-08,邱骏,0费率,购买
429,583001,东吴货币A,0.5334,1.7820%,---,0.4497,1.8020%,---,---,2010-05-11,邵笛 等,0费率,购买
430,004493,华泰保兴货币A,0.4514,1.7750%,---,0.5459,1.7880%,---,---,2017-04-20,王海明,0费率,购买
431,288201,华夏货币B,0.4346,1.7730%,---,0.4392,1.8060%,---,---,2012-12-10,周飞,0费率,购买
432,675072,西部利得天添金货币B,0.6987,1.7660%,---,0.4888,1.6600%,---,---,2016-12-05,张英,0费率,购买
433,750006,安信现金管理货币A,0.6745,1.7630%,---,0.3745,1.6390%,---,---,2013-02-05,肖芳芳 等,0费率,购买
434,002184,泓德泓利货币A,0.4632,1.7560%,---,0.4774,1.7600%,---,---,2015-12-21,毛静平,0费率,购买
435,370010,上投摩根货币A,0.5311,1.7560%,---,0.4764,1.7270%,---,---,2005-04-13,孟晨波 等,0费率,购买
436,320002,诺安货币A,0.3961,1.7530%,---,0.3926,1.7330%,---,---,2004-12-06,谢志华 等,0费率,购买
437,000724,大成添利宝货币A,0.4771,1.7520%,---,0.4828,1.7500%,---,---,2014-07-28,陈会荣,0费率,购买
438,519505,海富通货币A,0.4824,1.7500%,---,0.4801,1.7800%,---,---,2005-01-04,谈云飞,0费率,购买
439,000789,易方达龙宝货币A,0.4808,1.7450%,---,0.4693,1.7420%,---,---,2014-09-12,石大怿 等,0费率,购买
440,004786,渤海汇金汇添金货币A,0.4673,1.7450%,---,0.4503,1.7450%,---,---,2017-07-25,李杨 等,0费率,购买
441,002672,诺德货币A,0.4715,1.7340%,---,0.4746,1.7380%,---,---,2016-05-05,赵滔滔 等,0费率,购买
442,740601,长安货币A,0.4403,1.7310%,---,0.4915,1.9010%,---,---,2013-01-25,孟楠,0费率,购买
443,000722,兴业货币B,0.4672,1.7290%,---,0.4703,1.6770%,---,---,2014-08-06,王卓然,0费率,购买
444,000325,华润元大现金收益货币B,0.4537,1.7290%,---,0.4733,1.7500%,---,---,2013-10-29,李仆 等,0费率,购买
445,000203,国富日日收益货币A,0.4652,1.7240%,---,0.4605,1.7320%,---,---,2013-07-24,王莉 等,0费率,购买
446,004060,博时兴盛货币B,0.4624,1.7140%,---,0.4652,1.7240%,---,---,2016-12-21,鲁邦旺,0费率,购买
447,003997,泓德添利货币A,0.4495,1.7120%,---,0.4585,1.7130%,---,---,2017-05-04,毛静平,0费率,购买
448,004077,信民发货币A,0.4541,1.7120%,---,0.4475,1.7150%,---,---,2016-12-16,周余 等,0费率,购买
449,000741,兴银货币A,0.4712,1.7110%,---,0.4697,1.7030%,---,---,2014-08-27,李文程,0费率,购买
450,004967,红土创新货币A,0.2966,1.7100%,---,0.6317,1.6950%,---,---,2017-08-03,邱骏,0费率,购买
451,519566,浦银安盛日日盈货币A,0.4807,1.7090%,---,0.4777,1.6920%,---,---,2014-03-25,曹治国,0费率,购买
452,004861,泰康现金管家货币A,0.4321,1.6970%,---,0.4693,1.7090%,---,---,2017-09-08,任慧娟,0费率,购买
453,001842,九泰日添金货币A,0.4461,1.6870%,---,0.4547,1.6960%,---,---,2015-12-08,刘勇,0费率,购买
454,002759,东兴安盈宝A,0.4491,1.6640%,---,0.4545,1.6700%,---,---,2016-06-03,司马义买买提,0费率,购买
455,110006,易方达货币A,0.4067,1.6600%,---,0.3848,1.6250%,---,---,2005-02-02,石大怿,0费率,购买
456,001991,农银天天利货币A,0.4265,1.6560%,---,0.4590,1.6660%,---,---,2015-12-21,史向明 等,0费率,购买
457,002646,中科沃土货币A,0.4389,1.6490%,---,0.5022,1.6450%,---,---,2016-06-06,田钊 等,0费率,购买
458,000366,汇添富添富通货币A,0.4572,1.6170%,---,0.4477,1.6220%,---,---,2013-12-10,徐寅�� 等,0费率,购买
459,001916,新沃通宝A,0.4186,1.6160%,---,0.4343,1.6290%,---,---,2015-10-20,沈夏,0费率,购买
460,004285,华富天盈货币A,0.3917,1.6140%,---,0.4485,1.8950%,---,---,2017-03-03,陶祺,0费率,购买
461,310338,申万菱信收益宝货币A,0.4226,1.6050%,---,0.5090,1.6350%,---,---,2006-07-07,叶瑜珍 等,0费率,购买
462,003994,华富货币B,0.4317,1.6000%,---,0.4499,2.0410%,---,---,2017-05-31,倪莉莎 等,0费率,购买
463,000210,光大现金宝货币A,0.4337,1.5700%,---,0.4329,1.5610%,---,---,2013-09-05,魏丽 等,0费率,购买
464,003467,富荣货币A,0.7298,1.5650%,---,0.3817,1.5290%,---,---,2016-12-26,吕晓蓉 等,0费率,购买
465,005150,红土创新优淳货币A,0.6015,1.5560%,---,0.3850,1.5170%,---,---,2017-09-08,邱骏,0费率,购买
466,001233,嘉合货币B,0.4578,1.5520%,---,0.3468,1.5960%,---,---,2015-05-06,季慧娟 等,0费率,购买
467,675071,西部利得天添金货币A,0.6287,1.5310%,---,0.4222,1.4300%,---,---,2016-12-05,张英,0费率,购买
468,288101,华夏货币A,0.3690,1.5290%,---,0.3733,1.5610%,---,---,2005-04-20,周飞,0费率,购买
469,004073,元顺安金通宝货币B,0.3867,1.5130%,---,0.4463,1.5450%,---,---,2017-01-20,苏利华,0费率,购买
470,008193,博时兴盛货币A,0.4021,1.4900%,---,0.4050,1.5010%,---,---,2019-11-28,鲁邦旺,0费率,购买
471,000324,华润元大现金收益货币A,0.3853,1.4880%,---,0.4074,1.5100%,---,---,2013-10-29,李仆 等,0费率,购买
472,000721,兴业货币A,0.4012,1.4840%,---,0.4043,1.4320%,---,---,2014-08-06,王卓然,0费率,购买
473,004985,博时合晶货币,0.3854,1.3880%,---,0.3893,1.3810%,---,---,2017-08-02,鲁邦旺,0费率,购买
474,410002,华富货币A,0.3664,1.3590%,---,0.3842,1.7980%,---,---,2006-06-21,倪莉莎 等,0费率,购买
475,001232,嘉合货币A,0.3885,1.3070%,---,0.2763,1.3600%,---,---,2015-05-06,季慧娟 等,0费率,购买
476,003525,兴银现金收益货币,0.3409,1.2920%,---,0.3580,1.3060%,---,---,2016-10-25,傅峤钰,0费率,购买
477,004072,元顺安金通宝货币A,0.3210,1.2700%,---,0.3787,1.3010%,---,---,2017-01-20,苏利华,0费率,购买
478,001698,大成恒丰宝货币B,0.2371,1.2480%,---,0.3570,1.3120%,---,---,2015-08-04,张俊杰,0费率,购买
479,630112,华商现金增利货币B,0.3441,1.2410%,---,0.3443,1.2410%,---,---,2012-12-11,胡中原,0费率,购买
480,003585,先锋现金宝货币,0.3144,1.1540%,---,0.3145,1.1540%,---,---,2016-11-22,杜旭,0费率,购买
481,001697,大成恒丰宝货币A,0.1713,1.0050%,---,0.2914,1.0680%,---,---,2015-08-04,张俊杰,0费率,购买
482,630012,华商现金增利货币A,0.2794,1.0010%,---,0.2780,0.9990%,---,---,2012-12-11,胡中原,0费率,购买
483,000439,国金鑫盈货币,0.2214,0.8800%,---,0.2361,0.8900%,---,---,2013-12-16,曾省强,0费率,购买
484,003479,财通资管鑫管家货币A,---,---,---,0.5881,2.0350%,---,---,2016-10-25,夏金涛 等,0费率,购买
485,003480,财通资管鑫管家货币B,---,---,---,0.6538,2.2790%,---,---,2016-10-25,夏金涛 等,0费率,购买
486,002733,上银慧盈利货币,---,---,---,0.1959,0.6940%,---,---,2016-05-17,楼昕宇,0费率,购买
487,004449,上银慧增利货币,---,---,---,0.6113,2.2330%,---,---,2017-04-14,楼昕宇,0费率,购买
488,000542,上银慧财宝货币A,---,---,---,0.5411,1.9940%,---,---,2014-02-27,楼昕宇,0费率,购买
489,000543,上银慧财宝货币B,---,---,---,0.6069,2.2390%,---,---,2014-02-27,楼昕宇,0费率,购买
490,710502,富安达现金通货币B,---,---,---,0.8009,2.3090%,---,---,2013-01-29,张凯瑜,0费率,购买
491,003816,银华日利B,---,---,101.4160,---,---,101.4100,0.01%,2016-11-23,王树丽,0费率,购买
